Country/Region,Policy Name/Title,Issuing Body,Policy Type,Date Issued/Significantly Updated,Status,Summary,Healthcare Implications,Impact Level,Keyword Tags,Stakeholder Tags,Link to text
Ireland,National Guidance for the Responsible and Safe Use of Artificial Intelligence in Health and Social Care Services,Health Information and Quality Authority,National Guidance,2026-07-29,Published,"Provides national operational guidance for responsible and safe AI use across Irish health and social care, organized around accountability, a human rights-based approach, safety and wellbeing, and responsiveness, with practical expectations for governance, transparency, human oversight, data quality, workforce preparation, and monitoring.","Health and social care services should establish accountable oversight, approved-use policies, and clear roles; preserve human judgment and informed participation; protect privacy and equity; train staff; evaluate safety and accuracy; and maintain incident, downtime, and withdrawal processes throughout deployment.",Medium,Transparency & Governance; Safety & Risk; Clinical Quality & Efficacy; Privacy & Data; Equity & Bias,Providers & Health Systems; Patients & Public; Developers & Vendors; Regulators & Government,https://www.hiqa.ie/reports-and-publications/guide/national-guidance-responsible-and-safe-use-artificial-intelligence
Malaysia,National AI Action Plan 2026–2030 (AI Nation 2030),Ministry of Digital; AI Malaysia Berhad (National AI Office),National Action Plan,2026-07-28,Active,"Sets Malaysia's national AI implementation agenda through sectoral Impact Engines and system-wide governance. Its Ministry of Health-led healthcare engine calls for locally validated AI diagnostics, population-health and noncommunicable-disease surveillance, AI-generated patient summaries, and AI-enabled clinical research, while the plan proposes a hybrid risk-based governance framework with central coordination and sector-regulator authority.","Health agencies, hospitals, and developers are directed toward phased deployment of AI in radiology, pathology, cardiology, preventive care, and clinical research using national health data and local validation. The plan is strategic rather than binding, but it creates a national delivery and governance structure for scaling healthcare AI.",Medium,Transparency & Governance; Safety & Risk; Clinical Quality & Efficacy; Privacy & Data,Providers & Health Systems; Patients & Public; Developers & Vendors; Regulators & Government,https://strapi.naio.okie.my/uploads/AI_Nation_2030_National_AI_Action_Plan_2026_2030_Eng_V_290726_49cb382621.pdf
European Union,"Regulation (EU) 2024/1689 – Artificial Intelligence Act, as Amended by Regulation (EU) 2026/1744",European Parliament and Council of the European Union,Regulation,2026-07-24,In Force,"Updates the European Union’s horizontal, risk-based AI law through the 2026 Digital Omnibus on AI, clarifying implementation and conformity pathways, revising selected governance and transparency provisions, and changing the application timetable for high-risk AI requirements.","Medical-device and in vitro diagnostic AI remains subject to coordinated AI Act and MDR or IVDR compliance. Chapter III high-risk duties now apply on 2 December 2027 for Annex III systems and 2 August 2028 for Annex I product systems, requiring vendors and healthcare deployers to update conformity, documentation, data-governance, human-oversight, and post-market plans.",High,Transparency & Governance; Safety & Risk; Clinical Quality & Efficacy; Privacy & Data; Equity & Bias,Providers & Health Systems; Patients & Public; Payers & Purchasers; Developers & Vendors; Regulators & Government,https://eur-lex.europa.eu/eli/reg/2026/1744/oj/eng
European Union,General Principles on the Use of Artificial Intelligence in the Preparation of the JCA Dossier,Member State Coordination Group on Health Technology Assessment,Regulatory Guidance / General Principles,2026-07-16,Adopted,"Establishes principles for using artificial intelligence to prepare evidence for EU Joint Clinical Assessment dossiers. Preserves health technology developers’ accountability for dossier content and methods, requires appropriate human oversight, and calls for transparent documentation of AI-assisted activities, including the tools, versions, purposes, steps, and outputs involved.","Pharmaceutical, biotechnology, and medical-device developers using AI to prepare EU health technology assessment submissions should maintain human control, validate AI-assisted evidence work, document how and where AI was used, preserve methodological rigor, and comply with applicable data-protection, copyright, AI Act, and health technology assessment requirements.",Medium,Transparency & Governance; Safety & Risk; Clinical Quality & Efficacy; Privacy & Data,Developers & Vendors; Regulators & Government; Payers & Purchasers,https://health.ec.europa.eu/document/download/ca29446a-654d-48e9-aac0-dcaa500a1d2c_en?filename=hta_20260716_jca_ai-gen-principles_en.pdf
Canada,Canada's National Artificial Intelligence Strategy: AI for All,Government of Canada,National Strategy,2026-06-04,Active,"Establishes a five-year national AI strategy organized around trust, opportunity, and sovereignty. Its first sector mission commits to AI-enabled health and life sciences through a national Health Sector Data Space and expansion of the VITAL clinical-data platform, alongside broader privacy, safety, transparency, and sovereign-infrastructure measures.","Creates a nationally backed pathway for health systems and researchers to connect standardized health datasets while participating organizations retain data stewardship, supporting AI research, clinical trials, validation, and health-system analysis. The strategy funds infrastructure and governance capacity but does not impose direct duties on providers or developers.",Medium,Transparency & Governance; Safety & Risk; Clinical Quality & Efficacy; Privacy & Data,Providers & Health Systems; Patients & Public; Developers & Vendors; Regulators & Government,https://ised-isde.canada.ca/site/ised/en/canadas-national-artificial-intelligence-strategy-ai-all
International,WHA79.9 – Strengthening Equitable Access to Diagnostic Imaging Through Teleradiology,World Health Assembly,Resolution,2026-05-23,Adopted,"Formal World Health Assembly resolution urging Member States to integrate teleradiology into national health, digital health, and diagnostic strategies; develop or strengthen national policies, standards, and regulatory frameworks for safe and ethical teleradiology; and support the safe, trustworthy, accurate, robust, and ethical use of artificial intelligence and decision-support tools in teleradiology workflows with appropriate validation, transparency, human oversight, data governance, privacy, and equity considerations.","Provides a global health-policy signal for AI-enabled diagnostic imaging and teleradiology. It is relevant to governments, health systems, radiology services, and developers because it links AI decision-support tools in teleradiology to validation, clinical oversight, transparency, privacy, data governance, equity, interoperability, and future WHO normative guidance.",Medium,Safety & Risk; Transparency & Governance; Clinical Quality & Efficacy; Privacy & Data; Equity & Bias,Regulators & Government; Providers & Health Systems; Developers & Vendors; Patients & Public,https://apps.who.int/gb/ebwha/pdf_files/WHA79/A79_R9-en.pdf
United Kingdom,Artificial Intelligence Information Governance Guidance for Health and Care,NHS England,Information Governance Guidance,2026-05-20,Published,"Provides a linked suite of guidance for patients, health and care professionals, and information-governance teams on lawful and safe data use in AI, covering data-protection impact assessments, legal bases, controller and processor roles, data minimization, accuracy, fairness, transparency, security, and automated decision-making.","Health and care organizations should complete a data-protection impact assessment before implementing AI, document legal bases and responsibilities, assess data quality and unfair effects, provide clear information to patients and staff, apply data-minimization and security controls, and retain meaningful human review for consequential uses.",Medium,Privacy & Data; Transparency & Governance; Safety & Risk; Equity & Bias,Providers & Health Systems; Patients & Public; Developers & Vendors; Regulators & Government,https://digital.nhs.uk/data-and-information/information-governance/guidance/artificial-intelligence
United Arab Emirates,National Policy for Advancing Digital Healthcare Services and Artificial Intelligence in the Healthcare Sector,UAE Cabinet,National Policy,2026-05-18,Approved,"Establishes a national framework for an integrated AI-enabled health system, expanding digital technologies and AI across preventive, curative, rehabilitative, and operational services while prioritizing smart infrastructure, workforce capability, security, ethics, and health-data governance. It also directs preparation of federal legislation for AI-powered health systems.","The policy gives federal direction for AI adoption across the UAE health sector and for a future law addressing development, licensing, accreditation, operation, data governance, safety and quality, liability, patient rights, and federal-local coordination. It does not itself establish the detailed compliance duties expected from that legislation.",Medium,Transparency & Governance; Safety & Risk; Clinical Quality & Efficacy; Privacy & Data,Providers & Health Systems; Patients & Public; Developers & Vendors; Regulators & Government,https://www.wam.ae/en/article/c09witr-uae-cabinet-chaired-mohammed-bin-rashid-approves
International,Artificial Intelligence and Evidence-Informed Policy: Emerging Challenges and Opportunities,World Health Organization,Discussion Paper,2026-04-25,Published,"Examines the opportunities, risks, and governance needs associated with using artificial intelligence throughout evidence-informed health policymaking. Maps AI use across problem definition, policy design, implementation, monitoring, and adjustment and discusses impact assessments, readiness reviews, human verification, human decision gateways, multidisciplinary oversight, transparency, participation, and rights protections.","Health ministries, public-health agencies, regulators, and health-policy organizations can use the paper to inform governance of AI-assisted evidence retrieval, synthesis, forecasting, policy analysis, implementation, and monitoring. It emphasizes that AI should augment rather than replace human judgment and that decision-makers remain responsible for evidence quality, context, inclusion, and ethical tradeoffs.",Low,Transparency & Governance; Safety & Risk; Equity & Bias,Regulators & Government; Patients & Public; Developers & Vendors,https://www.who.int/publications/i/item/B09667
United Kingdom,"Guidance on the Use of AI-Enabled Ambient Scribing Products in Health and Care Settings, Version 2",NHS England,Guidance,2026-04-24,Active,"Provides national implementation guidance for health and care organizations adopting generative-AI ambient-scribing products. Version 2 aligns the guidance with the NHS Ambient Voice Technology Supplier Registry and addresses clinical-safety leadership, safety cases and hazard logs, data-protection impact assessments, medical-device status, procurement, system integration, piloting, human review, staff training, performance monitoring, bias, and supplier assurance.","NHS organizations adopting AI scribes should establish clinical-safety and information-governance controls, require users to review and approve outputs, assess regulatory status, integrate products safely with patient records, independently monitor accuracy and incidents, evaluate performance across patient populations and speech characteristics, and ensure suppliers meet national and local assurance requirements.",Medium,Safety & Risk; Transparency & Governance; Clinical Quality & Efficacy; Privacy & Data; Equity & Bias,Providers & Health Systems; Patients & Public; Developers & Vendors; Regulators & Government,https://www.england.nhs.uk/long-read/guidance-on-the-use-of-ai-enabled-ambient-scribing-products-in-health-and-care-settings/
United Kingdom,Position Statement: The Use of Artificial Intelligence in Pharmacy,General Pharmaceutical Council,Regulatory Position Statement,2026-04-20,Active,"Applies existing professional, pharmacy, education, and revalidation standards to the use of artificial intelligence. States that pharmacy professionals remain personally accountable for AI-assisted decisions and should understand system limitations, review outputs for accuracy and bias, be transparent with patients, protect confidential information, obtain consent where necessary, and not allow AI to replace professional judgment.","Pharmacists, pharmacy technicians, and pharmacy owners should establish due-diligence, governance, risk-assessment, data-protection, training, human-review, and monitoring controls for AI. Registered pharmacies may need to demonstrate these controls during inspections, and unsafe or inappropriate AI use may be addressed through existing investigation and fitness-to-practise processes.",Medium,Transparency & Governance; Safety & Risk; Clinical Quality & Efficacy; Privacy & Data; Equity & Bias,Providers & Health Systems; Patients & Public; Regulators & Government,https://assets.pharmacyregulation.org/files/2026-04/GPhC_position_statement_on_the_use_of_Artificial_Intelligence_in_pharmacy_0.pdf
China,Interim Measures for the Management of Anthropomorphic AI Interactive Services,Cyberspace Administration of China; National Development and Reform Commission; Ministry of Industry and Information Technology; Ministry of Public Security; State Administration for Market Regulation,Regulation,2026-04-10,Published,"Establishes binding rules for public-facing AI services that simulate human personality, communication style, and sustained emotional interaction. Covered providers must maintain lifecycle safety controls, protect user privacy and interaction data, label AI-generated interactions, limit overdependence and addictive use, intervene in extreme emotional or life-threatening self-harm situations, add protections for minors and older adults, conduct safety assessments in specified circumstances, and comply with algorithm filing and regulatory supervision requirements.","Highly relevant to mental-health-adjacent AI companions and emotional-support chatbots. The measures create direct safety, disclosure, data-protection, youth-safety, and crisis-response obligations for emotionally interactive AI services and require health-related uses to comply with relevant health-sector rules. Developers of AI companions, virtual care assistants, and behavioral-health support tools operating in China must account for psychological-risk monitoring, emergency-contact workflows, limits on minor-facing intimate services, usage-duration reminders, AI labeling, sensitive interaction-data limits, and regulatory safety assessments.",High,Safety & Risk; Transparency & Governance; Privacy & Data; Clinical Quality & Efficacy; Equity & Bias,Patients & Public; Developers & Vendors; Providers & Health Systems; Regulators & Government,https://www.cac.gov.cn/2026-04/10/c_1777558395078289.htm
Canada,Pre-market Guidance for Machine Learning-Enabled Medical Devices,Health Canada,Guidance,2026-04-01,Active,"Health Canada guidance for manufacturers submitting new or amendment applications for Class II, III, and IV machine-learning-enabled medical devices. The guidance explains MLMD scope, risk classification, lifecycle evidence expectations, good machine learning practice, design, risk management, data selection and management, development and training, testing and evaluation, clinical validation, transparency, post-market monitoring, and predetermined change control plans.","Canadian sponsors and manufacturers of ML-enabled medical devices should structure premarket submissions and lifecycle documentation around Health Canada’s expectations for safety and effectiveness, representative datasets, SGBA Plus, transparency, PCCPs, change management, and post-market monitoring. Health systems and purchasers can use the guidance as a reference for vendor diligence and deployment-risk review.",Medium,Safety & Risk; Transparency & Governance; Clinical Quality & Efficacy; Equity & Bias,Developers & Vendors; Regulators & Government; Providers & Health Systems; Patients & Public,https://www.canada.ca/en/health-canada/services/drugs-health-products/medical-devices/application-information/guidance-documents/pre-market-guidance-machine-learning-enabled-medical-devices.html
International,Scaling Artificial Intelligence in Health: AI in Health Policy Checklist,Organisation for Economic Co-operation and Development (OECD),Framework,2026-03-27,Active,"Health-specific AI policy checklist developed by the OECD with the Global Digital Health Partnership, Coalition for Health AI, and OECD AI in Health Expert Group. The framework identifies policy actions for responsibly scaling AI in health across four pillars: establishing enablers, building capacity and capability, implementing guardrails, engaging meaningfully with stakeholders, and deploying trustworthy AI. It is non-prescriptive but intended to help policymakers, technologists, and health workforces identify blind spots and readiness gaps.","Provides an international reference framework for governments and health systems developing AI-in-health strategies, action plans, oversight bodies, procurement expectations, data foundations, workforce capacity, public/provider engagement, and trustworthy deployment practices. It can help benchmark national health-AI readiness and guide policy design around health data access, validation, governance, monitoring, transparency, accountability, equity, and cross-border compatibility.",Medium,Safety & Risk; Transparency & Governance; Clinical Quality & Efficacy; Privacy & Data; Equity & Bias,Regulators & Government; Providers & Health Systems; Developers & Vendors; Patients & Public; Payers & Purchasers,https://www.oecd.org/en/publications/scaling-artificial-intelligence-in-health_a436e12d-en.html
Zimbabwe,Zimbabwe National Artificial Intelligence Strategy,Government of Zimbabwe,National AI Strategy,2026-03-13,Active,"Establishes a national framework for the development, deployment, and governance of artificial intelligence across sectors, including healthcare, with emphasis on innovation, capacity-building, and responsible use.","Identifies healthcare as a priority domain for AI adoption, including applications in diagnostics, public health, and system efficiency. While non-binding, it signals national direction that may shape health system investment, governance, and AI deployment practices.",Low,Transparency & Governance; Clinical Quality & Efficacy,Providers & Health Systems; Developers & Vendors; Regulators & Government,https://www.unesco.org/en/articles/zimbabwe-launches-national-artificial-intelligence-strategy
Ireland,AI for Care: The Artificial Intelligence Strategy for Healthcare in Ireland 2026-2030,Department of Health,Strategy,2026-03-11,Active,"Ireland’s first national AI strategy for healthcare, setting a 2026-2030 roadmap for the safe, responsible, and effective adoption of artificial intelligence across health and social care, with emphasis on governance, public trust, workforce readiness, and system-wide implementation.","The strategy gives Irish health and social care actors a national framework for evaluating, adopting, and scaling AI in clinical and operational settings, signaling expectations around oversight, safety, ethics, and implementation capacity that can shape procurement, deployment, and future regulatory coordination.",Medium,Safety & Risk; Transparency & Governance; Clinical Quality & Efficacy; Privacy & Data; Equity & Bias,Regulators & Government; Providers & Health Systems; Developers & Vendors; Patients & Public,https://www.gov.ie/en/department-of-health/publications/ai-for-care-the-artificial-intelligence-ai-strategy-for-healthcare-in-ireland-2026-2030/
China,Implementation Opinions on the Integrated Development of Artificial Intelligence and Drug Regulation,National Medical Products Administration,Implementation Opinions,2026-03-11,Issued,"Establishes a national implementation plan to integrate AI across drug, medical-device, and cosmetics regulation through improved data infrastructure, specialized models and agents, and AI-assisted review, inspection, surveillance, and regulatory services, with human-machine collaboration and security controls.","Regulated-product developers should expect growing AI-assisted review and surveillance and stronger demands for structured, traceable, and high-quality data. Regulators are directed to validate tools, control access and security, review compliance, preserve accountable human decisions, and continuously evaluate performance.",Medium,Transparency & Governance; Safety & Risk; Clinical Quality & Efficacy; Privacy & Data,Developers & Vendors; Regulators & Government,https://www.nmpa.gov.cn/xxgk/fgwj/gzwj/gzwjzh/20260402091552114.html
New Zealand,Guidance on Using Artificial Intelligence (AI) in Patient Care,Medical Council of New Zealand,Guidance,2026-03-10,Active,"Professional guidance for doctors using AI in patient care. The guidance covers AI embedded in medical devices, AI scribes, AI tools that manage clinical inboxes, and AI systems that influence clinical decisions. It states that doctors remain responsible for clinical decisions and actions, must understand AI capabilities and limitations, check AI outputs where reasonably practicable, document AI use when it influences clinical decision-making, avoid using AI to impersonate themselves, inform patients when AI is used in care, obtain informed consent in specified higher-risk uses, and ensure privacy, data security, safety, and fairness.","Creates a practical professional-responsibility framework for AI use by New Zealand doctors. It directly affects clinical deployment of AI scribes, decision-support tools, inbox-management systems, and AI-enabled devices by emphasizing clinician accountability, patient transparency, consent, documentation, privacy safeguards, data security, suitability for the patient population, and avoidance of bias or worsening inequities. It is guidance rather than legislation, but it gives clear expectations for safe and ethical AI use in patient-facing medical practice.",Medium,Safety & Risk; Transparency & Governance; Clinical Quality & Efficacy; Privacy & Data; Equity & Bias,Providers & Health Systems; Patients & Public; Regulators & Government; Developers & Vendors,https://www.mcnz.org.nz/assets/standards/Guidance-on-using-artificial-intelligence-AI-in-patient-care-March-2026.pdf
Singapore,Artificial Intelligence in Healthcare Guidelines (AIHGle) 2.0,Ministry of Health Singapore; Health Sciences Authority,Guidance,2026-03-10,Active,"Updated national guidance for the safe and responsible development, deployment, and use of artificial intelligence in healthcare. AIHGle 2.0 clarifies that AI should augment healthcare professionals, addresses generative AI and other developments, clarifies stakeholder responsibilities for developers, deployers, and healthcare professional users, and adds guidance on transparency, risk assessment, mitigation, and deployment governance.","Gives Singapore healthcare institutions, clinicians, and developers a practical governance reference for building and deploying clinically safe and effective AI solutions with patient safety at the core. It is voluntary guidance, but it complements HSA software-as-medical-device regulation and should shape institutional AI governance, procurement, disclosure, risk-management, and deployment-review workflows.",Medium,Transparency & Governance; Safety & Risk; Clinical Quality & Efficacy; Privacy & Data,Providers & Health Systems; Developers & Vendors; Regulators & Government; Patients & Public,https://www.moh.gov.sg/others/health-regulation/emerging-regulatory-policy-issues/
Brazil,CFM Resolution No. 2.454/2026 – Use of Artificial Intelligence in Medicine,Federal Council of Medicine (Conselho Federal de Medicina),Regulation,2026-02-27,Published,"Regulates the use of artificial intelligence in medical practice in Brazil. The resolution treats AI as a support tool for medical practice, clinical decision-making, health management, research, and education; requires physicians to remain finally responsible for clinical, diagnostic, therapeutic, and prognostic decisions; requires patient disclosure when AI is used as relevant support in care, diagnosis, or treatment; requires preliminary risk classification, governance processes, human supervision, data protection, monitoring, and bias-mitigation measures for medical AI systems.","Creates one of the clearest physician-facing AI governance frameworks in the international module. Brazilian physicians and medical institutions using or developing AI must preserve physician autonomy and final medical judgment, explain AI use to patients, document AI use in medical records when used for decision support, avoid delegating diagnosis or therapeutic communication to AI without human mediation, classify AI systems by risk, and implement internal governance and oversight for safety, quality, ethics, privacy, security, and bias mitigation.",High,Safety & Risk; Transparency & Governance; Clinical Quality & Efficacy; Privacy & Data; Equity & Bias,Providers & Health Systems; Patients & Public; Developers & Vendors; Regulators & Government,https://sistemas.cfm.org.br/normas/arquivos/resolucoes/BR/2026/2454_2026.pdf
India,Strategy for Artificial Intelligence in Healthcare for India,Ministry of Health and Family Welfare,Strategy,2026-02-17,Active,"National health-AI strategy launched at the India AI Impact Summit 2026 that frames a people-centric roadmap for responsible AI adoption across the health system, including governance expectations, evidence generation, and readiness pillars to support safe, ethical, and trustworthy use.","Sets a national reference point for how Indian health actors evaluate and scale clinical and public-health AI, signaling expectations around governance, validation, data stewardship, and monitoring that can shape procurement, implementation playbooks, and regulator-facing documentation over time.",Medium,Safety & Risk; Transparency & Governance; Clinical Quality & Efficacy; Privacy & Data; Equity & Bias,Regulators & Government; Providers & Health Systems; Developers & Vendors; Patients & Public,https://abdm.gov.in/sahi
Singapore,Health Products (AI Standalone Mobile Application — Exemption) Order 2026 / AI-SaMD Sandbox,Health Sciences Authority; Government of Singapore,Regulation / Exemption Order,2026-02-13,Active,"Creates a regulatory sandbox exemption for qualifying artificial-intelligence software as a medical device developed by selected public healthcare entities for use in public healthcare. The exemption relieves covered AI-SaMD from manufacturer licensing and product registration requirements, subject to safeguards including Class A or B scope, non-critical medical-condition use, clinician oversight, yearly ISO 13485 QMS self-attestation, senior institutional endorsement, HSA pre-deployment notification, patient notification, post-market obligations, and enforcement for breaches.","Enables selected Singapore public healthcare institutions to deploy lower-risk AI-SaMD under controlled conditions while maintaining clinical oversight, quality-system expectations, patient notice, HSA visibility, adverse-event reporting, and enforcement. Developers and health systems outside the selected public-healthcare pathway should treat this as a limited regulatory sandbox, not a general AI-SaMD market-access exemption.",Medium,Safety & Risk; Transparency & Governance; Clinical Quality & Efficacy; Privacy & Data,Regulators & Government; Providers & Health Systems; Developers & Vendors; Patients & Public,https://sso.agc.gov.sg/SL/HPA2007-S66-2026?DocDate=20260212
Australia,Artificial Intelligence (AI) and Medical Device Software Regulation,Therapeutic Goods Administration,Regulatory Guidance,2026-02-05,Published,"Explains when AI or software is regulated as a medical device in Australia and how intended purpose, risk classification, evidence, conformity assessment, Australian Register of Therapeutic Goods inclusion, and lifecycle obligations apply.","Manufacturers and sponsors should determine whether AI functions meet the medical-device definition, assign the correct classification, and meet Essential Principles, quality, clinical-evidence, cybersecurity, change-control, and post-market obligations. Health providers should verify regulatory status and evidence before procurement and deployment.",Medium,Safety & Risk; Clinical Quality & Efficacy; Transparency & Governance; Privacy & Data,Providers & Health Systems; Patients & Public; Developers & Vendors; Regulators & Government,https://www.tga.gov.au/products/medical-devices/software-and-artificial-intelligence-ai/manufacturing/artificial-intelligence-ai-and-medical-device-software-regulation
Israel,Principles for the Evaluation of AI-Based Interventional Clinical Trials,Ministry of Health,Guidance,2026-02-01,Active,"Provides guiding principles for evaluating applications for interventional clinical trials involving AI-based tools. The guidance is intended for Institutional Review Boards, Helsinki Committees, researchers, and professional entities involved in AI-based research, and focuses on prospective interventional studies where an AI tool may influence clinical decision-making. It covers disclosure, informed consent, AI-system description, study design, performance assessment, error handling, data governance, privacy, cybersecurity, model updates, and clinical-system integration.","Directly affects oversight of AI-based clinical research in Israel by giving review committees and research sponsors a structured framework for assessing safety, ethics, scientific validity, transparency, patient consent, data protection, bias, model performance, and change management before and during AI-based interventional studies. It may also inform broader health-system AI governance because the document treats these principles as relevant across the AI lifecycle.",Medium,Safety & Risk; Transparency & Governance; Clinical Quality & Efficacy; Privacy & Data; Equity & Bias,Regulators & Government; Providers & Health Systems; Developers & Vendors; Patients & Public,https://www.gov.il/BlobFolder/generalpage/principles-evaluation-ai-interventional-clinical-trials/he/files_publications_drugs_Principles-Evaluation-AI-Based-Interventional-Clinical-Trials-en.pdf
South Korea,Framework Act on the Development of Artificial Intelligence and Establishment of Trust,South Korean Ministry of Government Legislation,Law,2026-01-22,In Effect,"South Korea’s comprehensive national AI law, enacted in 2025 and enforced beginning January 22, 2026. The Act defines high-impact AI to include AI used in systems for providing and using healthcare services and AI used in the development and use of medical devices or digital medical devices. It establishes national AI governance structures, transparency duties for high-impact and generative AI, safety and risk-management expectations, confirmation procedures for high-impact AI classification, user protection measures, human management and supervision, documentation duties, and impact-assessment encouragement.","Healthcare and medical-device AI are expressly included within the Act’s high-impact AI framework, making the law relevant to Korean health systems, medical AI developers, and digital medical device companies. Operators of healthcare AI may need to assess whether systems qualify as high-impact AI, notify users that products or services are AI-based, maintain risk-management and user-protection measures, support explainability where technically feasible, retain safety/reliability documentation, and preserve human management and supervision. Certified digital medical products may also interact with the Act’s deemed-compliance/safe-harbor structure.",High,Safety & Risk; Transparency & Governance; Clinical Quality & Efficacy; Privacy & Data; Equity & Bias,Regulators & Government; Developers & Vendors; Providers & Health Systems; Patients & Public,https://law.go.kr/lsInfoP.do?ancYnChk=&chrClsCd=&efYd=20260122&lsId=014820&lsiSeq=268543&urlMode=engLsInfoR&vSct=%EC%9D%B8%EA%B3%B5%EC%A7%80%EB%8A%A5&viewCls=engLsInfoR
Global,Global Strategy on Digital Health 2020–2027,World Health Organization,Global Strategy,2025-12-01,Published,"Updates WHO’s global framework for coordinated, people-centred, and interoperable digital-health systems through 2027, connecting national governance, investment, capacity, infrastructure, and responsible use of emerging technologies.","Member States and health systems should place AI within broader digital-health governance, workforce, interoperability, data-protection, safety, equity, and monitoring plans rather than treating AI as an isolated technology program.",Medium,Transparency & Governance; Safety & Risk; Clinical Quality & Efficacy; Privacy & Data; Equity & Bias,Providers & Health Systems; Patients & Public; Payers & Purchasers; Developers & Vendors; Regulators & Government,https://www.who.int/publications/i/item/9789240116870
Spain,Strategy on Artificial Intelligence for the Spanish National Health System (eIASNS),Ministry of Health/Interterritorial Council of the National Health System,National AI in health strategy,2025-11-12,Active,"In November 2025 Spain’s Interterritorial Council of the National Health System approved the Strategy on Artificial Intelligence for the National Health System (eIASNS), a roadmap to coordinate AI use in healthcare based on principles of reliability, usefulness, humanisation and universality, with shared procedures to evaluate, classify and deploy AI tools across regions.","The strategy pushes Spanish health services to adopt validated AI solutions (e.g., imaging diagnosis, virtual assistants, hospital operations) under common governance, ethics and data-protection requirements, accelerating deployment while trying to reduce regional inequities and ensure clinical oversight.",Medium,Safety & Risk; Clinical Quality & Efficacy; Transparency & Governance,Providers & Health Systems; Regulators & Government; Developers & Vendors,https://www.sanidad.gob.es/areas/saludDigital/doc/eIASNS_v13.pdf
Global,Recommendation on the Ethics of Neurotechnology,"United Nations Educational, Scientific and Cultural Organization",Recommendation,2025-11-11,Adopted,"Establishes the first global normative instrument on ethical neurotechnology, including AI-enabled brain-computer interfaces, neural data, and neurostimulation, addressing human rights, mental privacy, autonomy, safety, equity, research, and governance.","Governments, providers, and developers should treat neural and inferred mental data as highly sensitive, require meaningful consent and oversight, assess clinical and research risks, prevent manipulation and discrimination, provide accountability and redress, and support equitable access to beneficial neurotechnologies.",Medium,Safety & Risk; Privacy & Data; Equity & Bias; Transparency & Governance,Patients & Public; Providers & Health Systems; Developers & Vendors; Regulators & Government,https://www.unesco.org/en/legal-affairs/recommendation-ethics-neurotechnology
Australia,Information for Practitioners Who Provide Virtual Care,Australian Health Practitioner Regulation Agency & National Boards,Guidance,2025-10-07,Active,"Updated guidance clarifying that prescribing requires a real‑time consultation (face‑to‑face, video or phone). Asynchronous chats, forms or emails are not a consultation. Flags specific risks when using AI or chatbots and sets expectations for safe virtual care.","Clinicians and telehealth vendors should avoid ‘tick‑box’ prescribing and ensure patient‑clinician interaction before prescribing. Update triage/bot flows, consent, and documentation to reflect that AI/chat is not a consultation for prescribing.",Medium,Clinical Quality & Efficacy; Safety & Risk; Transparency & Governance; Equity & Bias,Providers & Health Systems; Patients & Public; Regulators & Government,https://www.ahpra.gov.au/Resources/Information-for-practitioners-who-provide-virtual-care
Japan,Action Plan for the Use of AI in Operations at the PMDA,Pharmaceuticals and Medical Devices Agency,Action Plan,2025-09-26,Published,"Establishes a phased plan for secure use of AI in PMDA operations, beginning with search, summarization, meeting records, and translation and extending to pilots for specialized review and safety work, supported by agency-wide governance.","Sponsors may increasingly interact with AI-assisted regulatory review and safety workflows and should submit clear, structured, and traceable evidence. PMDA retains accountable human oversight while evaluating whether AI can improve the consistency and efficiency of reviews and post-market activities.",Low,Transparency & Governance; Clinical Quality & Efficacy; Safety & Risk,Regulators & Government; Developers & Vendors,https://www.pmda.go.jp/files/000277511.pdf
Italy,Law No. 132 of 23 Sept 2025 – Provisions and Delegations on Artificial Intelligence,Parliament of Italy & Presidency of the Republic,Law,2025-09-25,Active,"First comprehensive Italian AI law. Sets national AI governance, transparency/labeling duties, enforcement framework; introduces measures addressing deepfakes and sectoral guidance mandates.","Cross-sector law that will govern AI used by public hospitals and health providers (procurement, transparency, risk controls) and AI developers supplying health tools in Italy.",High,Safety & Risk; Transparency & Governance; Privacy & Data; Equity & Bias,Regulators & Government; Providers & Health Systems; Developers & Vendors; Patients & Public,https://www.gazzettaufficiale.it/eli/id/2025/09/25/25G00143/sg
Malaysia,MMC Guideline on the Ethical Use of Artificial Intelligence (AI) in Medical Practice,Malaysian Medical Council,Guidance,2025-09-01,Active,"Professional guidance for registered medical practitioners in Malaysia on the ethical use of AI in medical practice. The guideline sets principles for protecting human autonomy, promoting patient safety and public interest, ensuring transparency, explainability, and intelligibility, fostering responsibility and accountability, and protecting privacy and health data. It directs practitioners to use reliable AI tools, seek training, evaluate AI recommendations using clinical judgment, avoid over-reliance, maintain human oversight, disclose conflicts of interest, protect patient data, and report untoward complications from AI use to developers and relevant regulators.","Creates practical clinical governance expectations for AI use by Malaysian physicians. It is directly relevant to AI-supported diagnosis, treatment, clinical care, patient management, telemedicine, chatbots, wearables, and health administration because it keeps responsibility with registered medical practitioners, requires clinical validation and human oversight of AI recommendations, supports patient autonomy and consent, and emphasizes privacy, cybersecurity, bias mitigation, accountability, and reporting of AI-related harms.",Low,Safety & Risk; Transparency & Governance; Clinical Quality & Efficacy; Privacy & Data; Equity & Bias,Providers & Health Systems; Patients & Public; Developers & Vendors; Regulators & Government,https://mmc.gov.my/wp-content/uploads/2025/09/MMC-Guideline-on-The-Ethical-Use-of-Artificial-Intelligence-AI-.pdf
Australia,Safe and Responsible Artificial Intelligence in Health Care – Legislation and Regulation Review: Final Report,"Australian Government Department of Health, Disability and Ageing",Report,2025-07-23,Published,"Reviews how Australian health, privacy, consumer, practitioner, and therapeutic-goods laws apply to AI in health care, identifying areas where existing frameworks can accommodate AI and where clarifications, safeguards, or non-regulatory measures may be needed.","Signals Australian policy priorities around reliable information, evidence of benefit, patient and clinician choice, human oversight, privacy, safety, accountability, equity, and coordination across health-specific and economy-wide AI reforms.",Medium,Safety & Risk; Transparency & Governance; Clinical Quality & Efficacy; Equity & Bias; Privacy & Data,Regulators & Government; Providers & Health Systems; Developers & Vendors; Patients & Public,https://www.health.gov.au/resources/publications/safe-and-responsible-artificial-intelligence-in-health-care-legislation-and-regulation-review-final-report?language=en
International,Mapping the Application of Artificial Intelligence in Traditional Medicine: Technical Brief,World Health Organization; International Telecommunication Union; World Intellectual Property Organization,Technical brief,2025-07-11,Active,"Technical brief mapping current and emerging uses of artificial intelligence in traditional medicine, cataloguing use cases across diagnosis, treatment, research and health systems, and outlining related opportunities, risks and governance needs.","Highlights how AI could augment traditional medicine services, especially in low- and middle-income settings, while warning of safety, quality, equity and data-governance risks; offers principles and examples to guide health systems and regulators.",Low,Clinical Quality & Efficacy; Safety & Risk; Equity & Bias; Transparency & Governance,Providers & Health Systems; Patients & Public; Regulators & Government; Developers & Vendors,https://www.who.int/publications/i/item/9789240107663
European Union,General-Purpose AI Code of Practice,European Commission; European AI Office,Implementation Framework,2025-07-10,Active,"Voluntary implementation tool under the EU AI Act that helps providers of general-purpose AI models demonstrate compliance with AI Act obligations on transparency, copyright, and safety and security. The Code includes transparency and copyright chapters for all GPAI providers and a safety and security chapter for providers of the most advanced models with systemic risk.","Not healthcare-specific, but relevant because general-purpose AI models increasingly underpin clinical documentation tools, patient-facing chatbots, decision-support systems, research tools, and healthcare operations platforms. The Code can shape upstream model documentation, transparency, safety testing, risk-management, and security practices that healthcare organizations and regulators may rely on when evaluating GPAI-enabled health tools.",Medium,Safety & Risk; Transparency & Governance; Privacy & Data,Developers & Vendors; Providers & Health Systems; Regulators & Government,https://digital-strategy.ec.europa.eu/en/policies/contents-code-gpai
France,"The French National Strategy for Artificial Intelligence and Health Data, 2025–2028","French Ministry of Labour, Health, Solidarity and Families – Digital Health Delegation and partners",Strategy,2025-07-01,Active,"National strategy linking artificial intelligence and health data, setting a 2025–2028 roadmap for governance, infrastructure, and safeguards for secondary use of health data and AI in the French health system in alignment with the European Health Data Space.","Defines how health data will be organised, shared, and used to train and deploy AI in France, reinforcing roles for the Health Data Hub and health data access bodies and strengthening transparency, security, and citizens' rights over secondary use of health data, which will shape development and evaluation of health AI tools.",Medium,Privacy & Data; Transparency & Governance; Safety & Risk; Equity & Bias,Regulators & Government; Providers & Health Systems; Developers & Vendors; Patients & Public,https://gnius.esante.gouv.fr/sites/default/files/2025-11/English%20version_The%20French%20National%20Strategy%20for%20Artificial%20Intelligence%20and%20Health%20Data.pdf
European Union,MDCG 2025-6 – FAQ on the Interplay Between the MDR/IVDR and the AI Act,Medical Device Coordination Group,Guidance,2025-06-19,Published,"Explains how the Medical Devices Regulation and In Vitro Diagnostic Medical Devices Regulation apply alongside the AI Act to AI-enabled medical devices, including roles, high-risk classification, conformity assessment, clinical evidence, post-market obligations, and real-world testing.","Manufacturers, notified bodies, and healthcare deployers should map both regimes and coordinate documentation, quality systems, evidence, conformity, and monitoring. AI Act high-risk status does not itself change a device’s MDR or IVDR classification.",Medium,Safety & Risk; Transparency & Governance; Clinical Quality & Efficacy,Regulators & Government; Developers & Vendors; Providers & Health Systems,https://health.ec.europa.eu/latest-updates/mdcg-2025-6-faq-interplay-between-medical-devices-regulation-vitro-diagnostic-medical-devices-2025-06-19_en
European Union,MDCG 2019-11 rev.1 – Guidance on Qualification and Classification of Software under MDR/IVDR,Medical Device Coordination Group,Guidance,2025-06-17,Published,"Revises EU guidance on when software and apps qualify as medical-device software and how they are classified under the MDR and IVDR, with decision steps and examples covering Rule 11, modules, components, cloud services, and platform contexts.","AI and software manufacturers should use intended purpose and the revised decision framework to determine regulatory status and class, which drives evidence, quality-system, and conformity obligations. Providers can use the classification and supporting documentation as a baseline for procurement and clinical oversight.",Medium,Clinical Quality & Efficacy; Safety & Risk; Transparency & Governance,Developers & Vendors; Providers & Health Systems; Regulators & Government,https://health.ec.europa.eu/document/download/b45335c5-1679-4c71-a91c-fc7a4d37f12b_en
European Union,MDCG 2025-4 – Guidance on the safe making available of medical device software apps on online platforms,European Commission,Guidance,2025-06-16,Active,"Medical Device Coordination Group guidance on making medical‑device software apps available through online platforms, explaining when platforms act as distributors and associated duties for CE/UDI verification, traceability, and incident communications.","Developers must ensure compliant listing, labeling, vigilance routes, and rapid takedown; platforms clarify responsibilities; hospitals can update allow‑lists and procurement checks for AI‑enabled health apps reaching clinicians or patients.",Medium,Safety & Risk; Transparency & Governance,Developers & Vendors; Providers & Health Systems; Regulators & Government; Patients & Public,https://health.ec.europa.eu/document/download/ec9b0f40-7f82-43a7-b833-ebd45b772eae_en?filename=mdcg_2025-4_en.pdf
Jamaica,AI in Healthcare Strategy for Jamaica,Ministry of Health & Wellness,Strategy,2025-06-10,Active,"National strategy outlining a phased plan to implement AI across Jamaica’s health system, covering governance, infrastructure, workforce development, priority AI solutions, and monitoring.","Defines how AI will be deployed in clinical care, primary care strengthening, NCD management, public health surveillance, and health administration, while setting expectations for ethics, equity, safety, and data governance that will guide future regulation and procurement.",Medium,Safety & Risk; Clinical Quality & Efficacy; Transparency & Governance; Equity & Bias,Regulators & Government; Providers & Health Systems; Patients & Public; Payers & Purchasers; Developers & Vendors,https://www.moh.gov.jm/wp-content/uploads/2025/06/MOHW-_AI-in-HEALTHCARE_compressed.pdf
European Union,Data and AI in Medicines Regulation to 2028,EMA & HMA,Guidance,2025-05-07,Active,"EU medicines regulators’ plan to leverage data & AI in regulatory science (governance, LLM use, evidence generation, data interoperability) through 2028.","Shapes how AI tools/data are used in medicines evaluation and pharmacovigilance – affecting sponsors, MAHs, and clinical research that use AI.",Low,Transparency & Governance; Clinical Quality & Efficacy; Safety & Risk,Regulators & Government; Developers & Vendors; Providers & Health Systems; Patients & Public,https://www.ema.europa.eu/en/news/leveraging-power-data-public-animal-health
New Zealand,Precision Health: AI and Genomics,New Zealand Ministry of Health (Manatū Hauora),Framework,2025-04-14,Active,"Ministry of Health programme statement describing how precision health technologies, including artificial intelligence and genomics, should be adopted in New Zealand's health system, with definitions, examples, and guiding principles.","Sets system-level expectations that AI in health must be accessible, evidence-based, supervised, and evaluated for its impact on all New Zealanders, highlighting risks such as discrimination, cost-driven inequities, and privacy issues and signalling that the Ministry and Health New Zealand will develop governance and evaluation processes for AI-enabled precision health services.",Medium,Clinical Quality & Efficacy; Privacy & Data; Safety & Risk; Equity & Bias,Providers & Health Systems; Patients & Public; Regulators & Government,https://www.health.govt.nz/strategies-initiatives/programmes-and-initiatives/precision-health-ai-and-genomics
European Union,Regulation 2025/327 – European Health Data Space,European Parliament & Council,Regulation,2025-03-05,Active,"Creates the European Health Data Space: Electronic Health Record access/portability, common interoperability specs, and a harmonized secondary‑use regime via Health Data Access Body and secure processing across HealthData@EU.","Hospitals and vendors face new Electronic Health Record/data duties; researchers and AI developers can request cross‑border datasets for training/validation, analyzed in secure environments under permits, fees, and re‑identification safeguards.",High,Privacy & Data; Transparency & Governance,Providers & Health Systems; Developers & Vendors; Regulators & Government; Patients & Public; Payers & Purchasers,https://eur-lex.europa.eu/eli/reg/2025/327/oj/eng
United Kingdom,Digital Mental Health Technology: Qualification and Classification,MHRA,Guidance,2025-02-03,Active,Clarifies when digital mental health technologies (incl. AI chatbots/decision support) qualify as medical devices and how they are classified and evaluated.,"Directly affects AI mental-health apps used in care pathways: determines device status, evidence expectations and regulatory route before deployment in the NHS.",Medium,Clinical Quality & Efficacy; Safety & Risk; Transparency & Governance,Providers & Health Systems; Regulators & Government; Developers & Vendors; Patients & Public,https://www.gov.uk/government/publications/digital-mental-health-technology-qualification-and-classification
International,Good Machine Learning Practice for Medical Device Development – Guiding Principles (IMDRF/AIML WG/N88 FINAL:2025),International Medical Device Regulators Forum,Guidance,2025-01-30,Active,"International guiding principles for Good Machine Learning Practice across the medical device lifecycle, developed by the International Medical Device Regulators Forum's AIML Working Group.","Device developers and hospital innovators can align development, validation, and change management of AI‑enabled devices with these principles; supports harmonized evidence expectations and post‑market practices.",Medium,Transparency & Governance; Clinical Quality & Efficacy,Providers & Health Systems,https://www.imdrf.org/sites/default/files/2025-02/IMDRF_AIML%20WG_GMLP_N88%20Final.pdf
Canada,Pan-Canadian AI for Health (AI4H) Guiding Principles,Health Canada,Guidance,2025-01-30,Active,"Federal, Provincial, and Territorial Health Ministers endorsed shared guiding principles supporting responsible and ethical adoption of AI across Canada’s health systems.","Provides a national governance baseline for safe, equitable, privacy-protective, and transparent use of AI in health and will shape downstream regulation, procurement, and data practices across Canadian health systems.",Medium,Safety & Risk; Privacy & Data; Transparency & Governance; Equity & Bias,Regulators & Government; Providers & Health Systems; Patients & Public; Developers & Vendors,https://www.canada.ca/en/health-canada/corporate/transparency/health-agreements/pan-canadian-ai-guiding-principles.html
Holy See,Antiqua et nova. Note on the Relationship Between Artificial Intelligence and Human Intelligence,Dicastery for the Doctrine of the Faith and Dicastery for Culture and Education,Guidance,2025-01-28,Active,"Doctrinal Note that articulates Catholic teaching on artificial intelligence, distinguishes human from artificial intelligence, and sets ethical principles for AI development and use across education, the economy, labour, health, human relationships, and warfare.",Emphasizes AI’s potential to enhance healthcare while warning that AI must not replace the doctor–patient relationship and that poorly governed deployment could widen disparities in access to care and reinforce a ‘medicine for the rich’ model.,Low,Safety & Risk; Privacy & Data; Transparency & Governance; Equity & Bias,Providers & Health Systems; Patients & Public; Developers & Vendors; Regulators & Government,https://www.vatican.va/roman_curia/congregations/cfaith/documents/rc_ddf_doc_20250128_antiqua-et-nova_en.html
South Korea,Five-Year Roadmap to Advance AI in Healthcare (2024–2028),Ministry of Health and Welfare,National AI in health R&D roadmap,2025-01-13,Active,"South Korea’s Ministry of Health and Welfare announced a five-year roadmap through 2028 to expand AI R&D in essential healthcare, serious diseases, emergency care, cancer and new drug development, while strengthening medical data platforms and ethical guidelines for AI in medicine.","The roadmap aims to double commercialisation of medical AI technologies, improve access to pseudonymised health data for research and embed AI in clinical trials and hospital workflows, positioning Korea’s health system as an early adopter of AI-enabled care and drug development.",Medium,Clinical Quality & Efficacy; Safety & Risk; Transparency & Governance,Providers & Health Systems; Developers & Vendors; Regulators & Government,https://www.mohw.go.kr/board.es?act=view&bid=0027&list_no=1483021&mid=a10503010100&nPage=58&tag=
Singapore; South Korea,Guiding Principles for Conducting Clinical Trial for Machine Learning‑enabled Medical Devices,HSA (Singapore); MFDS (Korea),Guidance,2024-12-11,Active,"Joint Health Sciences Authority-Ministry of Food and Drug Safety principles for designing and conducting clinical trials of ML‑enabled medical devices. Covers study design, dataset considerations, performance endpoints, drift/updates during trials, and transparency of algorithms.","Provides practical expectations for sponsors and investigators running machine learning-enabled medical device trials in Asia. Hospitals participating in such trials can align protocols, monitoring, and change‑management to the guidance.",Medium,Transparency & Governance; Clinical Quality & Efficacy,Providers & Health Systems,https://www.hsa.gov.sg/docs/default-source/hprg-mdb/regulatory-updates/guiding-principles-for-conducting-clinical-trial-for-machine-learning-enabled-mds.pdf
United Arab Emirates,NABIDH Artificial Intelligence in Healthcare Policy,Dubai Health Authority,Law,2024-12-06,Active,"DHA’s NABIDH Artificial Intelligence in Healthcare Policy sets regulatory and ethical requirements for any AI solution that uses data from Dubai’s NABIDH health information exchange, defining roles for developers, healthcare providers and the authority and requiring compliance with privacy, safety and technical standards.","By tying AI use to NABIDH data-governance controls and patient privacy intelligence tools, the policy enables wider deployment of AI decision-support and analytics in Dubai’s hospitals while mandating oversight, auditability and protection against unauthorised access to patient records.",High,Privacy & Data; Safety & Risk; Transparency & Governance,Providers & Health Systems; Regulators & Government; Developers & Vendors,https://nabidh.ae/cms/uploads/7c2063bf99f84bdcb88a4dc0933718b2.pdf
European Union,Reflection paper – Use of Artificial Intelligence in the Medicinal Product Lifecycle,European Medicines Agency,Guidance,2024-09-30,Active,"European Medicines Agency reflection paper setting expectations for use of AI/ML across the medicines lifecycle – R&D, clinical trials, manufacturing, and post‑authorisation. Addresses governance, data quality, validation, GxP alignment, and human oversight; provides considerations for submissions and inspections.","Sponsors using AI in trial design, data analysis, pharmacovigilance, or manufacturing should plan transparent methods, validation packages, and risk management. Clinicians participating in trials may see AI‑enabled tools subject to additional documentation and controls.",Medium,Safety & Risk; Transparency & Governance; Clinical Quality & Efficacy,Providers & Health Systems,https://www.ema.europa.eu/en/use-artificial-intelligence-ai-medicinal-product-lifecycle-scientific-guideline
International/Europe,"Framework Convention on Artificial Intelligence and Human Rights, Democracy and the Rule of Law (CETS No. 225)",Council of Europe,Treaty,2024-09-05,Open for signature; not in force,"Establishes a cross-sector treaty framework requiring future parties to align AI lifecycle activities with human rights, democracy, and the rule of law through transparency, accountability, equality, privacy, reliability, safe innovation, remedies, and risk-impact management. As of August 2026, it has not met the ratification threshold for entry into force.","Health authorities, providers, and developers should monitor ratification and national implementation because the treaty can shape rights-impact assessment, transparency, accountability, privacy, non-discrimination, and remedies for clinical and administrative AI. It does not by itself create currently operative healthcare duties in signatory states.",Medium,Transparency & Governance; Safety & Risk; Privacy & Data; Equity & Bias,Regulators & Government; Providers & Health Systems; Patients & Public; Developers & Vendors,https://www.coe.int/en/web/artificial-intelligence/the-framework-convention-on-artificial-intelligence
Dominican Republic,National Digital Health Strategy 2024–2028,Ministerio de Salud Pública,Strategy,2024-08-07,Active,"The Dominican Republic’s Ministry of Health launched the National Digital Health Strategy 2024–2028 to modernise the health system using digital technologies, including interoperable records, telehealth and emerging tools, with support from UNDP, the World Bank and regional partners.","The strategy provides a framework for investment and governance of digital and AI-enabled tools in public health and clinical care, aiming to improve access, efficiency and equity in service delivery while building national capacity for data-driven decision-making.",Medium,Clinical Quality & Efficacy; Equity & Bias; Transparency & Governance,Patients & Public; Providers & Health Systems; Regulators & Government,https://ensd.msp.gob.do/
International,Artificial Intelligence in Public Health: Readiness Assessment Toolkit (Version 2.0),Pan American Health Organization; World Health Organization; Inter-American Development Bank,Guidance,2024-08-01,Active,"Nonbinding readiness assessment toolkit jointly developed by PAHO, WHO, and the Inter-American Development Bank to help countries evaluate their preparedness to integrate artificial intelligence into public health systems. It provides a structured questionnaire and domains covering governance, legal and regulatory frameworks, infrastructure, data management, workforce, funding, implementation, and evaluation.","Supports ministries of health and public health agencies in systematically identifying gaps and prioritizing investments before deploying AI at scale in surveillance, health information systems, and population health programs, helping reduce safety, equity, and privacy risks while promoting more trustworthy and effective use of AI in public health.",Medium,Safety & Risk; Privacy & Data; Transparency & Governance; Equity & Bias,Regulators & Government; Providers & Health Systems; Developers & Vendors; Patients & Public,https://www.paho.org/en/documents/artificial-intelligence-public-health-readiness-assessment-toolkit
United Kingdom,Software and AI as a Medical Device Change Programme – Roadmap,Medicines and Healthcare products Regulatory Agency,Roadmap,2024-04-30,Active,"Medicines & Healthcare products Regulatory Agency multi‑work‑package program to update regulation of software and AI as medical devices across the lifecycle, including qualification, pre‑market evidence, post‑market monitoring, and transparency.","Signals evolving UK expectations for AI medical devices. Developers and National Health Service providers should track deliverables that affect submissions, labeling, and post‑market surveillance.",Medium,Safety & Risk; Transparency & Governance; Clinical Quality & Efficacy,Regulators & Government,https://www.gov.uk/government/publications/software-and-ai-as-a-medical-device-change-programme/software-and-ai-as-a-medical-device-change-programme-roadmap
United Kingdom,Impact of AI on the Regulation of Medical Products – Policy Paper,MHRA,Policy Paper,2024-04-30,Active,"Sets out Medicines & Healthcare products Regulatory Agency's approach to medicines/devices regulation in the age of AI, including evidence expectations, adaptivity, international recognition, and collaboration with the International Medical Device Regulators Forum and other regulators.","Informs sponsors and National Health Service partners about the regulator’s priorities, including transparency and post‑market monitoring for AI‑enabled products. Useful for aligning development plans and regulatory strategies.",Medium,Safety & Risk,Regulators & Government,https://www.gov.uk/government/publications/impact-of-ai-on-the-regulation-of-medical-products/impact-of-ai-on-the-regulation-of-medical-products
International,Ethics and Governance of Artificial Intelligence for Health: Guidance on Large Multi-Modal Models,World Health Organization,Guidance,2024-01-18,Published,"Provides WHO guidance on the governance of large multi-modal generative AI models used in clinical care, public health, research, and drug development, identifying risks and recommendations across design, development, procurement, deployment, and oversight.","Governments, health systems, and developers should define intended uses, document evidence and limitations, engage affected stakeholders, protect privacy, test safety and bias, preserve human accountability, and monitor model performance after deployment, especially for patient-facing and clinical applications.",Medium,Transparency & Governance; Safety & Risk; Clinical Quality & Efficacy; Privacy & Data; Equity & Bias,Regulators & Government; Providers & Health Systems; Developers & Vendors; Patients & Public,https://www.who.int/publications/i/item/9789240084759
Singapore,Model AI Governance Framework for Generative AI (v1.0),AI Verify Foundation; IMDA/PDPC,Guidance,2024-01-16,Active,"Singapore’s model governance framework tailored to Generative AI, adding dimensions like content provenance, model evaluation/testing, incident reporting, and accountability while building on the 2019/2020 framework. Includes suggested practices and implementation levers.","Useful for hospitals and vendors deploying GenAI for documentation, triage, and patient engagement. Provides concrete controls (e.g., testing, red‑teaming, transparency) that complement clinical safety and privacy requirements.",Low,Safety & Risk; Transparency & Governance,,https://aiverifyfoundation.sg/downloads/Proposed_MGF_Gen_AI_2024.pdf
International,Regulatory Considerations on Artificial Intelligence for Health,World Health Organization,Considerations,2023-10-19,Active,"Nonbinding resource describing regulatory considerations for AI in health across the product lifecycle. Addresses data quality, risk management, transparency, post‑market monitoring, and international cooperation.",Manufacturers and regulators can use this as a checklist when designing oversight for AI‑enabled health technologies. Hospitals should anticipate documentation needs for procurement and clinical governance.,Low,Safety & Risk; Transparency & Governance; Clinical Quality & Efficacy,Regulators & Government,https://www.who.int/publications/i/item/9789240078871
China,Interim Measures for the Management of Generative AI Services,Cyberspace Administration of China,Interim,2023-07-10,Active,"The Cyberspace Administration of China‑led measures regulating public‑facing generative AI services, emphasizing content governance, security assessments, data quality, and user rights. Requires providers to take responsibility for generated content and to implement risk controls.","Impacts China‑based health apps and GenAI tools used by patients/clinicians, imposing content and data controls. International vendors operating in China must adapt service configurations and compliance processes.",Medium,Safety & Risk; Transparency & Governance; Clinical Quality & Efficacy,Providers & Health Systems; Patients & Public,https://www.cac.gov.cn/2023-07/13/c_1690898327029107.htm
India,Ethical Guidelines for Application of Artificial Intelligence in Biomedical Research and Healthcare (ICMR),Indian Council of Medical Research,Guidance,2023-03-22,Active,National ethical guidelines establishing a comprehensive framework for responsible development and deployment of AI in biomedical research and healthcare.,"Sets expectations for ethics review, data protection, accountability, bias mitigation, consent, and governance of AI tools, guiding clinicians, developers, institutions, and ethics committees across India’s health sector.",Medium,Safety & Risk; Privacy & Data; Clinical Quality & Efficacy; Equity & Bias; Transparency & Governance,Developers & Vendors; Providers & Health Systems; Regulators & Government; Patients & Public,https://www.icmr.gov.in/ethical-guidelines-for-application-of-artificial-intelligence-in-biomedical-research-and-healthcare
International,Machine Learning‑enabled Medical Devices – Key Terms and Definitions (AIMD WG),International Medical Device Regulators Forum,Guidance,2022-05-09,Active,Defines core terms for ML‑enabled medical devices to promote consistent regulatory language and scope across jurisdictions.,"Enables consistent classification, documentation, and evaluation of machine learning-enabled medical devices across regulators and clinical users; often referenced by national guidances (e.g., Health Canada MLMD).",Medium,Transparency & Governance; Clinical Quality & Efficacy; Safety & Risk,Regulators & Government; Developers & Vendors; Providers & Health Systems,https://www.imdrf.org/sites/default/files/2022-05/IMDRF%20AIMD%20WG%20Final%20Document%20N67.pdf
International,Recommendation on the Ethics of Artificial Intelligence,UNESCO General Conference,Recommendation,2021-11-01,Active,"Global ethical standard adopted by 193 Member States covering human rights, inclusion, data governance, education, and environmental sustainability in AI. Encourages national implementation via action plans and monitoring.","Health systems can use the Recommendation to shape equitable AI policies, informed consent and transparency practices, and workforce training. Reinforces safeguards for vulnerable populations in clinical AI deployment.",Low,Safety & Risk; Privacy & Data; Transparency & Governance; Equity & Bias,Patients & Public; Payers & Purchasers,https://www.unesco.org/en/legal-affairs/recommendation-ethics-artificial-intelligence
New Zealand,Algorithm Charter for Aotearoa New Zealand,New Zealand Government,Charter,2020-07-01,Active,"Government charter committing agencies to transparency, accountability, and oversight in the use of algorithms, including risk assessment and public communication.",Public health agencies in New Zealand using AI/algorithms should meet Charter commitments – useful reference for transparency and engagement with Māori data sovereignty considerations.,Low,Safety & Risk; Transparency & Governance,Patients & Public; Regulators & Government,https://data.govt.nz/toolkit/data-ethics/government-algorithm-transparency-and-accountability/algorithm-charter
International,OECD Recommendation on Artificial Intelligence,OECD Council,Recommendation,2019-05-22,Active,"First intergovernmental standard on AI adopted by the Organisation for Economic Co-operation and Development Council. Sets principles for trustworthy, human‑centred AI and policy recommendations for national strategies, research, and international cooperation.",Provides a governance benchmark referenced by many health‑sector policies. Health ministries and systems can map internal AI programs to the Recommendation’s principles to support accountability and cross‑border alignment.,Low,,Regulators & Government,https://legalinstruments.oecd.org/en/instruments/OECD-LEGAL-0449